Selling Report jun2026,,,,,Total,Rp 731.500
№,Date,Time,Username,Profile,Comment,Price
1,jun/01/2026,00:06:25,E479Z,2RB/4JAM-Warung,up-577-05.29.26-,1500
2,jun/01/2026,00:43:28,E48NL,2RB/4JAM-Warung,up-577-05.29.26-,1500
3,jun/01/2026,00:45:14,E2ZLA,1RB/2JAM-Warung,up-846-05.29.26-,500
4,jun/01/2026,00:45:39,E4PFJ,2RB/4JAM-Warung,up-577-05.29.26-,1500
5,jun/01/2026,01:08:04,E26H3,1RB/2JAM-Warung,up-846-05.29.26-,500
6,jun/01/2026,05:51:39,B4N6X,2RB/4JAM-ILHAM,up-905-05.12.26-,1000
7,jun/01/2026,06:12:57,E4HCH,2RB/4JAM-Warung,up-577-05.29.26-,1500
8,jun/01/2026,08:10:10,D5D3V,5RB/12JAM-TEH-ENTI,up-363-05.05.26-,4000
9,jun/01/2026,09:54:39,E2URG,1RB/2JAM-Warung,up-846-05.29.26-,500
10,jun/01/2026,10:00:37,B4F8A,2RB/4JAM-ILHAM,up-905-05.12.26-,1000
11,jun/01/2026,10:45:21,D56XC,5RB/12JAM-TEH-ENTI,up-363-05.05.26-,4000
12,jun/01/2026,12:54:57,H14BZ,1RB/2JAM-HOME,up-666-02.22.23-,500
13,jun/01/2026,13:01:36,B4XCR,2RB/4JAM-ILHAM,up-905-05.12.26-,1000
14,jun/01/2026,13:13:18,E5U6T,5RB/12JAM-Warung,up-863-12.30.25-301225,4000
15,jun/01/2026,13:25:13,E4PBN,2RB/4JAM-Warung,up-577-05.29.26-,1500
16,jun/01/2026,13:30:28,B4EMB,2RB/4JAM-ILHAM,up-905-05.12.26-,1000
17,jun/01/2026,13:39:31,B5XPL,5RB/12JAM-ILHAM,up-247-05.11.26-,3000
18,jun/01/2026,14:06:30,E2P7A,1RB/2JAM-Warung,up-846-05.29.26-,500
19,jun/01/2026,14:15:38,H162L,1RB/2JAM-HOME,up-666-02.22.23-,500
20,jun/01/2026,14:21:11,D56DA,5RB/12JAM-TEH-ENTI,up-363-05.05.26-,4000
21,jun/01/2026,14:42:51,E4A3R,2RB/4JAM-Warung,up-577-05.29.26-,1500
22,jun/01/2026,14:56:15,D5DKR,5RB/12JAM-TEH-ENTI,up-363-05.05.26-,4000
23,jun/01/2026,15:03:17,D5WDM,5RB/12JAM-TEH-ENTI,up-363-05.05.26-,4000
24,jun/01/2026,16:17:56,E2JSZ,1RB/2JAM-Warung,up-846-05.29.26-,500
25,jun/01/2026,17:20:07,E28HG,1RB/2JAM-Warung,up-846-05.29.26-,500
26,jun/01/2026,18:36:48,E2YLU,1RB/2JAM-Warung,up-846-05.29.26-,500
27,jun/01/2026,18:44:38,E48JB,2RB/4JAM-Warung,up-577-05.29.26-,1500
28,jun/01/2026,18:58:10,E2NPD,1RB/2JAM-Warung,up-846-05.29.26-,500
29,jun/01/2026,19:27:06,E4A6W,2RB/4JAM-Warung,up-577-05.29.26-,1500
30,jun/01/2026,19:43:24,E45BV,2RB/4JAM-Warung,up-577-05.29.26-,1500
31,jun/01/2026,19:44:39,E4HMY,2RB/4JAM-Warung,up-577-05.29.26-,1500
32,jun/01/2026,20:02:16,E2RRJ,1RB/2JAM-Warung,up-846-05.29.26-,500
33,jun/01/2026,20:06:16,E4WG8,2RB/4JAM-Warung,up-577-05.29.26-,1500
34,jun/01/2026,20:32:15,E4DMF,2RB/4JAM-Warung,up-577-05.29.26-,1500
35,jun/01/2026,20:36:50,E2SZU,1RB/2JAM-Warung,up-846-05.29.26-,500
36,jun/01/2026,20:39:07,E2MU3,1RB/2JAM-Warung,up-846-05.29.26-,500
37,jun/01/2026,20:58:23,E4GUD,2RB/4JAM-Warung,up-577-05.29.26-,1500
38,jun/01/2026,21:18:40,E4CE9,2RB/4JAM-Warung,up-577-05.29.26-,1500
39,jun/01/2026,21:47:53,E529A,5RB/12JAM-Warung,up-863-12.30.25-301225,4000
40,jun/01/2026,22:16:19,E4NUJ,2RB/4JAM-Warung,up-577-05.29.26-,1500
41,jun/01/2026,22:28:12,E2GDJ,1RB/2JAM-Warung,up-846-05.29.26-,500
42,jun/01/2026,22:38:20,E2MWZ,1RB/2JAM-Warung,up-846-05.29.26-,500
43,jun/01/2026,22:57:47,E4KNU,2RB/4JAM-Warung,up-577-05.29.26-,1500
44,jun/01/2026,23:01:49,E42BF,2RB/4JAM-Warung,up-577-05.29.26-,1500
45,jun/01/2026,23:54:04,E2P9F,1RB/2JAM-Warung,up-846-05.29.26-,500
46,jun/02/2026,00:09:37,E463R,2RB/4JAM-Warung,up-577-05.29.26-,1500
47,jun/02/2026,00:33:06,E46KW,2RB/4JAM-Warung,up-577-05.29.26-,1500
48,jun/02/2026,01:21:32,E2P2P,1RB/2JAM-Warung,up-846-05.29.26-,500
49,jun/02/2026,06:58:10,D5J57,5RB/12JAM-TEH-ENTI,up-363-05.05.26-,4000
50,jun/02/2026,09:04:24,E4EVR,2RB/4JAM-Warung,up-577-05.29.26-,1500
51,jun/02/2026,11:31:56,D583K,5RB/12JAM-TEH-ENTI,up-363-05.05.26-,4000
52,jun/02/2026,12:07:54,E2KV2,1RB/2JAM-Warung,up-846-05.29.26-,500
53,jun/02/2026,12:19:05,C123Z,1RB/2JAM-TEH-ENTI,up-455-02.04.26-,500
54,jun/02/2026,12:40:00,C1MY2,1RB/2JAM-TEH-ENTI,up-455-02.04.26-,500
55,jun/02/2026,12:56:02,B4Y8U,2RB/4JAM-ILHAM,up-905-05.12.26-,1000
56,jun/02/2026,13:02:51,E4AJ6,2RB/4JAM-Warung,up-577-05.29.26-,1500
57,jun/02/2026,13:51:15,B445N,2RB/4JAM-ILHAM,up-905-05.12.26-,1000
58,jun/02/2026,14:15:20,E2HTJ,1RB/2JAM-Warung,up-846-05.29.26-,500
59,jun/02/2026,14:35:57,B5LRS,5RB/12JAM-ILHAM,up-247-05.11.26-,3000
60,jun/02/2026,14:42:24,E26AU,1RB/2JAM-Warung,up-846-05.29.26-,500
61,jun/02/2026,15:17:47,C1CBW,1RB/2JAM-TEH-ENTI,up-455-02.04.26-,500
62,jun/02/2026,15:23:27,B237F,1RB/2JAM-ILHAM,up-858-05.12.26-,500
63,jun/02/2026,15:46:20,C1G4H,1RB/2JAM-TEH-ENTI,up-455-02.04.26-,500
64,jun/02/2026,16:14:37,C1TBE,1RB/2JAM-TEH-ENTI,up-455-02.04.26-,500
65,jun/02/2026,16:44:16,B228W,1RB/2JAM-ILHAM,up-858-05.12.26-,500
66,jun/02/2026,16:50:47,B4PV2,2RB/4JAM-ILHAM,up-905-05.12.26-,1000
67,jun/02/2026,17:53:52,C1DP7,1RB/2JAM-TEH-ENTI,up-455-02.04.26-,500
68,jun/02/2026,18:09:52,E4EH9,2RB/4JAM-Warung,up-577-05.29.26-,1500
69,jun/02/2026,18:10:43,E534B,5RB/12JAM-Warung,up-863-12.30.25-301225,4000
70,jun/02/2026,18:51:26,E2NN9,1RB/2JAM-Warung,up-846-05.29.26-,500
71,jun/02/2026,19:00:44,E2V49,1RB/2JAM-Warung,up-846-05.29.26-,500
72,jun/02/2026,19:34:21,B29SP,1RB/2JAM-ILHAM,up-858-05.12.26-,500
73,jun/02/2026,19:35:44,D54TM,5RB/12JAM-TEH-ENTI,up-363-05.05.26-,4000
74,jun/02/2026,20:09:14,C1HC5,1RB/2JAM-TEH-ENTI,up-455-02.04.26-,500
75,jun/02/2026,20:32:24,E4BME,2RB/4JAM-Warung,up-577-05.29.26-,1500
76,jun/02/2026,21:00:51,C1GUV,1RB/2JAM-TEH-ENTI,up-455-02.04.26-,500
77,jun/02/2026,21:07:37,E5PGF,5RB/12JAM-Warung,up-863-12.30.25-301225,4000
78,jun/02/2026,21:11:58,E2YGS,1RB/2JAM-Warung,up-846-05.29.26-,500
79,jun/02/2026,21:30:45,C1PXN,1RB/2JAM-TEH-ENTI,up-455-02.04.26-,500
80,jun/02/2026,21:36:43,E2S8K,1RB/2JAM-Warung,up-846-05.29.26-,500
81,jun/02/2026,21:46:51,E4GSD,2RB/4JAM-Warung,up-577-05.29.26-,1500
82,jun/02/2026,22:08:51,B2DSX,1RB/2JAM-ILHAM,up-858-05.12.26-,500
83,jun/02/2026,22:36:49,B49DL,2RB/4JAM-ILHAM,up-905-05.12.26-,1000
84,jun/02/2026,22:47:25,B46XR,2RB/4JAM-ILHAM,up-905-05.12.26-,1000
85,jun/02/2026,23:29:57,B4897,2RB/4JAM-ILHAM,up-905-05.12.26-,1000
86,jun/03/2026,00:13:56,C1V4F,1RB/2JAM-TEH-ENTI,up-455-02.04.26-,500
87,jun/03/2026,00:14:52,E5DSL,5RB/12JAM-Warung,up-863-12.30.25-301225,4000
88,jun/03/2026,00:31:41,B2AKG,1RB/2JAM-ILHAM,up-858-05.12.26-,500
89,jun/03/2026,05:03:29,C1R3E,1RB/2JAM-TEH-ENTI,up-455-02.04.26-,500
90,jun/03/2026,06:11:10,B2DV6,1RB/2JAM-ILHAM,up-858-05.12.26-,500
91,jun/03/2026,06:34:45,C1SH5,1RB/2JAM-TEH-ENTI,up-455-02.04.26-,500
92,jun/03/2026,06:48:35,E4SZR,2RB/4JAM-Warung,up-577-05.29.26-,1500
93,jun/03/2026,09:18:33,C1FT7,1RB/2JAM-TEH-ENTI,up-455-02.04.26-,500
94,jun/03/2026,10:43:26,B57PR,5RB/12JAM-ILHAM,up-247-05.11.26-,3000
95,jun/03/2026,10:55:10,D5ZF8,5RB/12JAM-TEH-ENTI,up-363-05.05.26-,4000
96,jun/03/2026,11:13:16,E5UKZ,5RB/12JAM-Warung,up-863-12.30.25-301225,4000
97,jun/03/2026,11:34:02,E5MFP,5RB/12JAM-Warung,up-863-12.30.25-301225,4000
98,jun/03/2026,12:08:11,E4YKE,2RB/4JAM-Warung,up-577-05.29.26-,1500
99,jun/03/2026,13:32:44,E45XT,2RB/4JAM-Warung,up-577-05.29.26-,1500
100,jun/03/2026,15:10:47,E4PZZ,2RB/4JAM-Warung,up-577-05.29.26-,1500
101,jun/03/2026,15:11:33,B43FD,2RB/4JAM-ILHAM,up-905-05.12.26-,1000
102,jun/03/2026,17:20:13,E2UW3,1RB/2JAM-Warung,up-846-05.29.26-,500
103,jun/03/2026,17:30:46,E2HM9,1RB/2JAM-Warung,up-846-05.29.26-,500
104,jun/03/2026,17:32:39,E22ML,1RB/2JAM-Warung,up-846-05.29.26-,500
105,jun/03/2026,17:46:52,E2TAD,1RB/2JAM-Warung,up-846-05.29.26-,500
106,jun/03/2026,19:43:22,B4DAD,2RB/4JAM-ILHAM,up-905-05.12.26-,1000
107,jun/03/2026,20:08:06,C1WMA,1RB/2JAM-TEH-ENTI,up-455-02.04.26-,500
108,jun/03/2026,20:15:48,E2T5W,1RB/2JAM-Warung,up-846-05.29.26-,500
109,jun/03/2026,20:39:04,E4RWJ,2RB/4JAM-Warung,up-577-05.29.26-,1500
110,jun/03/2026,21:05:58,E2588,1RB/2JAM-Warung,up-846-05.29.26-,500
111,jun/03/2026,21:53:05,E5V87,5RB/12JAM-Warung,up-863-12.30.25-301225,4000
112,jun/03/2026,22:29:54,B448R,2RB/4JAM-ILHAM,up-905-05.12.26-,1000
113,jun/03/2026,22:32:03,B5BUE,5RB/12JAM-ILHAM,up-247-05.11.26-,3000
114,jun/03/2026,22:49:20,E2LEA,1RB/2JAM-Warung,up-846-05.29.26-,500
115,jun/03/2026,23:16:14,E4UU2,2RB/4JAM-Warung,up-577-05.29.26-,1500
116,jun/03/2026,23:38:34,E4YND,2RB/4JAM-Warung,up-577-05.29.26-,1500
117,jun/04/2026,00:26:30,E2ZK7,1RB/2JAM-Warung,up-846-05.29.26-,500
118,jun/04/2026,05:08:10,E45HG,2RB/4JAM-Warung,up-577-05.29.26-,1500
119,jun/04/2026,06:58:04,E45KT,2RB/4JAM-Warung,up-577-05.29.26-,1500
120,jun/04/2026,08:40:19,B54K5,5RB/12JAM-ILHAM,up-247-05.11.26-,3000
121,jun/04/2026,10:54:18,C1KTZ,1RB/2JAM-TEH-ENTI,up-455-02.04.26-,500
122,jun/04/2026,10:55:37,C1ZZB,1RB/2JAM-TEH-ENTI,up-455-02.04.26-,500
123,jun/04/2026,11:26:34,E2D8R,1RB/2JAM-Warung,up-846-05.29.26-,500
124,jun/04/2026,11:31:11,E2ZZW,1RB/2JAM-Warung,up-846-05.29.26-,500
125,jun/04/2026,11:42:00,E28U9,1RB/2JAM-Warung,up-846-05.29.26-,500
126,jun/04/2026,11:43:30,E42R9,2RB/4JAM-Warung,up-577-05.29.26-,1500
127,jun/04/2026,13:03:13,E4GDN,2RB/4JAM-Warung,up-577-05.29.26-,1500
128,jun/04/2026,13:31:19,E5J8M,5RB/12JAM-Warung,up-863-12.30.25-301225,4000
129,jun/04/2026,13:31:35,E5BG2,5RB/12JAM-Warung,up-863-12.30.25-301225,4000
130,jun/04/2026,13:40:41,E47YV,2RB/4JAM-Warung,up-577-05.29.26-,1500
131,jun/04/2026,13:50:25,E4VCY,2RB/4JAM-Warung,up-577-05.29.26-,1500
132,jun/04/2026,16:03:18,E2TCL,1RB/2JAM-Warung,up-846-05.29.26-,500
133,jun/04/2026,16:13:31,E2NJT,1RB/2JAM-Warung,up-846-05.29.26-,500
134,jun/04/2026,17:03:10,E4436,2RB/4JAM-Warung,up-577-05.29.26-,1500
135,jun/04/2026,17:11:59,E2F4R,1RB/2JAM-Warung,up-846-05.29.26-,500
136,jun/04/2026,17:30:08,E4CV7,2RB/4JAM-Warung,up-577-05.29.26-,1500
137,jun/04/2026,18:12:56,E44KJ,2RB/4JAM-Warung,up-577-05.29.26-,1500
138,jun/04/2026,18:40:17,E2DKX,1RB/2JAM-Warung,up-846-05.29.26-,500
139,jun/04/2026,19:33:17,E2U5Y,1RB/2JAM-Warung,up-846-05.29.26-,500
140,jun/04/2026,20:01:18,E2EV9,1RB/2JAM-Warung,up-846-05.29.26-,500
141,jun/04/2026,20:18:11,E4BK3,2RB/4JAM-Warung,up-577-05.29.26-,1500
142,jun/04/2026,20:43:26,E4MAS,2RB/4JAM-Warung,up-577-05.29.26-,1500
143,jun/04/2026,20:49:52,C15VS,1RB/2JAM-TEH-ENTI,up-455-02.04.26-,500
144,jun/04/2026,20:50:20,E5W9T,5RB/12JAM-Warung,up-863-12.30.25-301225,4000
145,jun/04/2026,20:53:18,E4WBL,2RB/4JAM-Warung,up-577-05.29.26-,1500
146,jun/04/2026,21:28:16,C1LEN,1RB/2JAM-TEH-ENTI,up-455-02.04.26-,500
147,jun/04/2026,21:40:35,E25Z4,1RB/2JAM-Warung,up-846-05.29.26-,500
148,jun/04/2026,21:44:02,E4ANM,2RB/4JAM-Warung,up-577-05.29.26-,1500
149,jun/04/2026,21:44:54,E4AVR,2RB/4JAM-Warung,up-577-05.29.26-,1500
150,jun/04/2026,22:05:33,E2R5Y,1RB/2JAM-Warung,up-846-05.29.26-,500
151,jun/04/2026,22:16:22,E49BK,2RB/4JAM-Warung,up-577-05.29.26-,1500
152,jun/04/2026,22:18:43,E4HFS,2RB/4JAM-Warung,up-577-05.29.26-,1500
153,jun/04/2026,22:36:59,E4EM5,2RB/4JAM-Warung,up-577-05.29.26-,1500
154,jun/04/2026,22:46:22,E2F9T,1RB/2JAM-Warung,up-846-05.29.26-,500
155,jun/04/2026,22:49:01,E468Z,2RB/4JAM-Warung,up-577-05.29.26-,1500
156,jun/04/2026,23:00:36,C1U3U,1RB/2JAM-TEH-ENTI,up-455-02.04.26-,500
157,jun/04/2026,23:40:58,B4U4V,2RB/4JAM-ILHAM,up-905-05.12.26-,1000
158,jun/04/2026,23:51:20,E5ZMJ,5RB/12JAM-Warung,up-863-12.30.25-301225,4000
159,jun/05/2026,01:47:32,E4BWU,2RB/4JAM-Warung,up-577-05.29.26-,1500
160,jun/05/2026,05:34:54,C183K,1RB/2JAM-TEH-ENTI,up-455-02.04.26-,500
161,jun/05/2026,06:46:29,C1L5X,1RB/2JAM-TEH-ENTI,up-455-02.04.26-,500
162,jun/05/2026,07:38:51,C12TD,1RB/2JAM-TEH-ENTI,up-455-02.04.26-,500
163,jun/05/2026,09:17:46,E2P7T,1RB/2JAM-Warung,up-846-05.29.26-,500
164,jun/05/2026,09:19:08,B5ZWY,5RB/12JAM-ILHAM,up-247-05.11.26-,3000
165,jun/05/2026,09:30:50,E5PHN,5RB/12JAM-Warung,up-863-12.30.25-301225,4000
166,jun/05/2026,09:52:38,E5BKF,5RB/12JAM-Warung,up-863-12.30.25-301225,4000
167,jun/05/2026,09:52:56,C1GPP,1RB/2JAM-TEH-ENTI,up-455-02.04.26-,500
168,jun/05/2026,10:08:00,E45X3,2RB/4JAM-Warung,up-577-05.29.26-,1500
169,jun/05/2026,10:43:20,E4YPZ,2RB/4JAM-Warung,up-577-05.29.26-,1500
170,jun/05/2026,10:47:58,E5JYL,5RB/12JAM-Warung,up-863-12.30.25-301225,4000
171,jun/05/2026,11:21:54,E4567,2RB/4JAM-Warung,up-577-05.29.26-,1500
172,jun/05/2026,12:39:02,E4A92,2RB/4JAM-Warung,up-577-05.29.26-,1500
173,jun/05/2026,13:48:03,D5B7G,5RB/12JAM-TEH-ENTI,up-363-05.05.26-,4000
174,jun/05/2026,15:43:12,E237Y,1RB/2JAM-Warung,up-846-05.29.26-,500
175,jun/05/2026,16:19:38,E2SRH,1RB/2JAM-Warung,up-846-05.29.26-,500
176,jun/05/2026,17:08:46,E2CJX,1RB/2JAM-Warung,up-846-05.29.26-,500
177,jun/05/2026,18:10:19,E2XJE,1RB/2JAM-Warung,up-846-05.29.26-,500
178,jun/05/2026,18:51:55,E2ZBY,1RB/2JAM-Warung,up-846-05.29.26-,500
179,jun/05/2026,18:52:47,E2K7W,1RB/2JAM-Warung,up-846-05.29.26-,500
180,jun/05/2026,19:35:18,E5LRM,5RB/12JAM-Warung,up-863-12.30.25-301225,4000
181,jun/05/2026,19:38:45,E2DAN,1RB/2JAM-Warung,up-846-05.29.26-,500
182,jun/05/2026,19:40:10,C1PGJ,1RB/2JAM-TEH-ENTI,up-455-02.04.26-,500
183,jun/05/2026,19:41:31,C15L2,1RB/2JAM-TEH-ENTI,up-455-02.04.26-,500
184,jun/05/2026,19:42:24,E4MCM,2RB/4JAM-Warung,up-577-05.29.26-,1500
185,jun/05/2026,19:44:13,C1HN6,1RB/2JAM-TEH-ENTI,up-455-02.04.26-,500
186,jun/05/2026,19:44:56,E48CU,2RB/4JAM-Warung,up-577-05.29.26-,1500
187,jun/05/2026,19:46:03,E2PKG,1RB/2JAM-Warung,up-846-05.29.26-,500
188,jun/05/2026,20:09:45,E4JD5,2RB/4JAM-Warung,up-577-05.29.26-,1500
189,jun/05/2026,20:53:55,E4X6R,2RB/4JAM-Warung,up-577-05.29.26-,1500
190,jun/05/2026,20:56:55,D5H8N,5RB/12JAM-TEH-ENTI,up-363-05.05.26-,4000
191,jun/05/2026,20:59:22,B4S4L,2RB/4JAM-ILHAM,up-905-05.12.26-,1000
192,jun/05/2026,21:10:44,E2EJK,1RB/2JAM-Warung,up-846-05.29.26-,500
193,jun/05/2026,21:47:10,E4FRX,2RB/4JAM-Warung,up-577-05.29.26-,1500
194,jun/05/2026,22:00:52,C19L2,1RB/2JAM-TEH-ENTI,up-455-02.04.26-,500
195,jun/05/2026,22:07:36,E2KGX,1RB/2JAM-Warung,up-846-05.29.26-,500
196,jun/05/2026,22:38:24,E4XZ8,2RB/4JAM-Warung,up-577-05.29.26-,1500
197,jun/06/2026,00:02:29,B4EHC,2RB/4JAM-ILHAM,up-905-05.12.26-,1000
198,jun/06/2026,00:34:51,E2BAH,1RB/2JAM-Warung,up-846-05.29.26-,500
199,jun/06/2026,02:41:17,E2KY3,1RB/2JAM-Warung,up-846-05.29.26-,500
200,jun/06/2026,04:33:23,C1X6U,1RB/2JAM-TEH-ENTI,up-455-02.04.26-,500
201,jun/06/2026,05:27:18,E2YWD,1RB/2JAM-Warung,up-846-05.29.26-,500
202,jun/06/2026,08:59:06,E2PA9,1RB/2JAM-Warung,up-846-05.29.26-,500
203,jun/06/2026,09:14:41,E4A99,2RB/4JAM-Warung,up-577-05.29.26-,1500
204,jun/06/2026,09:47:36,E4K7L,2RB/4JAM-Warung,up-577-05.29.26-,1500
205,jun/06/2026,09:53:08,E4CWP,2RB/4JAM-Warung,up-577-05.29.26-,1500
206,jun/06/2026,10:36:22,B5CD9,5RB/12JAM-ILHAM,up-247-05.11.26-,3000
207,jun/06/2026,10:51:53,E4UUR,2RB/4JAM-Warung,up-577-05.29.26-,1500
208,jun/06/2026,12:09:42,E25JN,1RB/2JAM-Warung,up-846-05.29.26-,500
209,jun/06/2026,12:33:25,E2J7B,1RB/2JAM-Warung,up-846-05.29.26-,500
210,jun/06/2026,12:36:13,E22UT,1RB/2JAM-Warung,up-846-05.29.26-,500
211,jun/06/2026,12:49:00,E4NPG,2RB/4JAM-Warung,up-577-05.29.26-,1500
212,jun/06/2026,13:27:34,E26F2,1RB/2JAM-Warung,up-846-05.29.26-,500
213,jun/06/2026,15:31:54,E4G2H,2RB/4JAM-Warung,up-577-05.29.26-,1500
214,jun/06/2026,15:36:56,B55M2,5RB/12JAM-ILHAM,up-247-05.11.26-,3000
215,jun/06/2026,15:39:49,E4ABF,2RB/4JAM-Warung,up-577-05.29.26-,1500
216,jun/06/2026,16:10:33,E4V5G,2RB/4JAM-Warung,up-577-05.29.26-,1500
217,jun/06/2026,16:50:28,B2UZL,1RB/2JAM-ILHAM,up-858-05.12.26-,500
218,jun/06/2026,17:31:13,C29BW,2RB/4JAM-TEH-ENTI,up-805-06.05.26-,1500
219,jun/06/2026,17:48:18,E4PFH,2RB/4JAM-Warung,up-577-05.29.26-,1500
220,jun/06/2026,17:57:01,E4ZBG,2RB/4JAM-Warung,up-577-05.29.26-,1500
221,jun/06/2026,18:07:37,E4E28,2RB/4JAM-Warung,up-577-05.29.26-,1500
222,jun/06/2026,18:12:03,E472T,2RB/4JAM-Warung,up-577-05.29.26-,1500
223,jun/06/2026,18:16:47,E2WMK,1RB/2JAM-Warung,up-846-05.29.26-,500
224,jun/06/2026,18:28:21,E54J4,5RB/12JAM-Warung,up-863-12.30.25-301225,4000
225,jun/06/2026,18:59:50,E493V,2RB/4JAM-Warung,up-577-05.29.26-,1500
226,jun/06/2026,19:05:36,E4KT7,2RB/4JAM-Warung,up-577-05.29.26-,1500
227,jun/06/2026,19:08:24,E2NFN,1RB/2JAM-Warung,up-846-05.29.26-,500
228,jun/06/2026,19:29:55,E4DZ2,2RB/4JAM-Warung,up-577-05.29.26-,1500
229,jun/06/2026,19:59:37,E4S6F,2RB/4JAM-Warung,up-577-05.29.26-,1500
230,jun/06/2026,21:35:40,E2EGC,1RB/2JAM-Warung,up-846-05.29.26-,500
231,jun/06/2026,22:01:22,B4F8B,2RB/4JAM-ILHAM,up-905-05.12.26-,1000
232,jun/06/2026,22:34:32,E4BRN,2RB/4JAM-Warung,up-577-05.29.26-,1500
233,jun/06/2026,22:40:29,E44DX,2RB/4JAM-Warung,up-577-05.29.26-,1500
234,jun/06/2026,23:12:16,B4GWZ,2RB/4JAM-ILHAM,up-905-05.12.26-,1000
235,jun/06/2026,23:24:58,E4HJE,2RB/4JAM-Warung,up-577-05.29.26-,1500
236,jun/06/2026,23:26:34,E5U3U,5RB/12JAM-Warung,up-863-12.30.25-301225,4000
237,jun/06/2026,23:48:39,E5U8X,5RB/12JAM-Warung,up-863-12.30.25-301225,4000
238,jun/07/2026,00:57:38,E58CX,5RB/12JAM-Warung,up-863-12.30.25-301225,4000
239,jun/07/2026,07:26:49,C2YS5,2RB/4JAM-TEH-ENTI,up-805-06.05.26-,1500
240,jun/07/2026,08:21:25,E5A8H,5RB/12JAM-Warung,up-863-12.30.25-301225,4000
241,jun/07/2026,08:37:36,B55NC,5RB/12JAM-ILHAM,up-247-05.11.26-,3000
242,jun/07/2026,09:23:47,E52J9,5RB/12JAM-Warung,up-863-12.30.25-301225,4000
243,jun/07/2026,09:41:57,E2TFS,1RB/2JAM-Warung,up-846-05.29.26-,500
244,jun/07/2026,10:39:57,E4LME,2RB/4JAM-Warung,up-577-05.29.26-,1500
245,jun/07/2026,11:04:23,C2GDY,2RB/4JAM-TEH-ENTI,up-805-06.05.26-,1500
246,jun/07/2026,11:53:13,E4CFN,2RB/4JAM-Warung,up-577-05.29.26-,1500
247,jun/07/2026,11:57:31,E4G2K,2RB/4JAM-Warung,up-577-05.29.26-,1500
248,jun/07/2026,12:23:55,E42N8,2RB/4JAM-Warung,up-577-05.29.26-,1500
249,jun/07/2026,12:30:55,C1LJF,1RB/2JAM-TEH-ENTI,up-455-02.04.26-,500
250,jun/07/2026,12:33:04,C226Y,2RB/4JAM-TEH-ENTI,up-805-06.05.26-,1500
251,jun/07/2026,12:45:42,C1AST,1RB/2JAM-TEH-ENTI,up-455-02.04.26-,500
252,jun/07/2026,13:06:42,C1L9T,1RB/2JAM-TEH-ENTI,up-455-02.04.26-,500
253,jun/07/2026,13:23:35,C24D2,2RB/4JAM-TEH-ENTI,up-805-06.05.26-,1500
254,jun/07/2026,13:57:56,D5J6P,5RB/12JAM-TEH-ENTI,up-363-05.05.26-,4000
255,jun/07/2026,14:29:03,D5JCP,5RB/12JAM-TEH-ENTI,up-363-05.05.26-,4000
256,jun/07/2026,14:45:05,B5ULP,5RB/12JAM-ILHAM,up-247-05.11.26-,3000
257,jun/07/2026,15:29:43,C29ZF,2RB/4JAM-TEH-ENTI,up-805-06.05.26-,1500
258,jun/07/2026,15:35:05,E2H4D,1RB/2JAM-Warung,up-846-05.29.26-,500
259,jun/07/2026,16:12:50,B2886,1RB/2JAM-ILHAM,up-858-05.12.26-,500
260,jun/07/2026,16:19:46,E2NFY,1RB/2JAM-Warung,up-846-05.29.26-,500
261,jun/07/2026,17:42:22,E2M8R,1RB/2JAM-Warung,up-846-05.29.26-,500
262,jun/07/2026,18:12:48,B4C97,2RB/4JAM-ILHAM,up-905-05.12.26-,1000
263,jun/07/2026,18:50:58,E4VWJ,2RB/4JAM-Warung,up-577-05.29.26-,1500
264,jun/07/2026,19:08:35,C2EPD,2RB/4JAM-TEH-ENTI,up-805-06.05.26-,1500
265,jun/07/2026,19:16:56,E2YVS,1RB/2JAM-Warung,up-846-05.29.26-,500
266,jun/07/2026,19:42:14,E2EDB,1RB/2JAM-Warung,up-846-05.29.26-,500
267,jun/07/2026,20:44:36,E2RGB,1RB/2JAM-Warung,up-846-05.29.26-,500
268,jun/07/2026,20:45:42,E2ED7,1RB/2JAM-Warung,up-846-05.29.26-,500
269,jun/07/2026,20:56:41,E4D75,2RB/4JAM-Warung,up-577-05.29.26-,1500
270,jun/07/2026,21:22:59,E2NTJ,1RB/2JAM-Warung,up-846-05.29.26-,500
271,jun/07/2026,21:39:20,E4LXX,2RB/4JAM-Warung,up-577-05.29.26-,1500
272,jun/08/2026,01:04:51,E4VWM,2RB/4JAM-Warung,up-577-05.29.26-,1500
273,jun/08/2026,01:33:19,E5WHL,5RB/12JAM-Warung,up-863-12.30.25-301225,4000
274,jun/08/2026,06:43:14,E4SEN,2RB/4JAM-Warung,up-577-05.29.26-,1500
275,jun/08/2026,07:32:44,B55DH,5RB/12JAM-ILHAM,up-247-05.11.26-,3000
276,jun/08/2026,07:42:04,E2YDF,1RB/2JAM-Warung,up-846-05.29.26-,500
277,jun/08/2026,09:07:36,D5UZL,5RB/12JAM-TEH-ENTI,up-363-05.05.26-,4000
278,jun/08/2026,09:12:08,E2BRU,1RB/2JAM-Warung,up-846-05.29.26-,500
279,jun/08/2026,10:06:27,E4NPK,2RB/4JAM-Warung,up-577-05.29.26-,1500
280,jun/08/2026,11:25:07,C24JB,2RB/4JAM-TEH-ENTI,up-805-06.05.26-,1500
281,jun/08/2026,11:28:45,B4BT6,2RB/4JAM-ILHAM,up-905-05.12.26-,1000
282,jun/08/2026,11:35:53,C25AG,2RB/4JAM-TEH-ENTI,up-805-06.05.26-,1500
283,jun/08/2026,11:42:49,E2ZK4,1RB/2JAM-Warung,up-846-05.29.26-,500
284,jun/08/2026,12:05:20,E4K3P,2RB/4JAM-Warung,up-577-05.29.26-,1500
285,jun/08/2026,12:32:56,E4L3Z,2RB/4JAM-Warung,up-577-05.29.26-,1500
286,jun/08/2026,12:35:03,E4JSA,2RB/4JAM-Warung,up-577-05.29.26-,1500
287,jun/08/2026,13:12:42,E4R8P,2RB/4JAM-Warung,up-577-05.29.26-,1500
288,jun/08/2026,13:18:40,E4BMH,2RB/4JAM-Warung,up-577-05.29.26-,1500
289,jun/08/2026,14:06:44,C1DYZ,1RB/2JAM-TEH-ENTI,up-455-02.04.26-,500
290,jun/08/2026,14:16:09,E4GWE,2RB/4JAM-Warung,up-577-05.29.26-,1500
291,jun/08/2026,14:22:28,C1DPA,1RB/2JAM-TEH-ENTI,up-455-02.04.26-,500
292,jun/08/2026,14:52:13,E2W79,1RB/2JAM-Warung,up-846-05.29.26-,500
293,jun/08/2026,16:59:54,E22FT,1RB/2JAM-Warung,up-846-05.29.26-,500
294,jun/08/2026,17:37:25,B4P7B,2RB/4JAM-ILHAM,up-905-05.12.26-,1000
295,jun/08/2026,17:44:31,B5AHA,5RB/12JAM-ILHAM,up-247-05.11.26-,3000
296,jun/08/2026,18:14:56,E28PT,1RB/2JAM-Warung,up-846-05.29.26-,500
297,jun/08/2026,18:58:30,C2CV7,2RB/4JAM-TEH-ENTI,up-805-06.05.26-,1500
298,jun/08/2026,18:59:50,C2MH5,2RB/4JAM-TEH-ENTI,up-805-06.05.26-,1500
299,jun/08/2026,19:19:45,E4HE8,2RB/4JAM-Warung,up-577-05.29.26-,1500
300,jun/08/2026,19:32:29,E4L27,2RB/4JAM-Warung,up-577-05.29.26-,1500
301,jun/08/2026,19:43:27,E4V53,2RB/4JAM-Warung,up-577-05.29.26-,1500
302,jun/08/2026,20:25:04,B4SFK,2RB/4JAM-ILHAM,up-905-05.12.26-,1000
303,jun/08/2026,20:36:24,C23E7,2RB/4JAM-TEH-ENTI,up-805-06.05.26-,1500
304,jun/08/2026,20:46:33,E2PDP,1RB/2JAM-Warung,up-846-05.29.26-,500
305,jun/08/2026,21:01:19,E4AV8,2RB/4JAM-Warung,up-577-05.29.26-,1500
306,jun/08/2026,21:16:53,E5NHA,5RB/12JAM-Warung,up-863-12.30.25-301225,4000
307,jun/08/2026,21:22:18,E2RW9,1RB/2JAM-Warung,up-846-05.29.26-,500
308,jun/08/2026,21:26:11,E4R63,2RB/4JAM-Warung,up-577-05.29.26-,1500
309,jun/08/2026,21:31:24,E2C4B,1RB/2JAM-Warung,up-846-05.29.26-,500
310,jun/08/2026,21:40:35,C27SY,2RB/4JAM-TEH-ENTI,up-805-06.05.26-,1500
311,jun/08/2026,21:45:55,C1EA3,1RB/2JAM-TEH-ENTI,up-455-02.04.26-,500
312,jun/08/2026,22:32:57,E4DUX,2RB/4JAM-Warung,up-577-05.29.26-,1500
313,jun/08/2026,22:43:18,E2W5U,1RB/2JAM-Warung,up-846-05.29.26-,500
314,jun/08/2026,23:05:25,E4855,2RB/4JAM-Warung,up-577-05.29.26-,1500
315,jun/08/2026,23:41:56,E2MRW,1RB/2JAM-Warung,up-846-05.29.26-,500
316,jun/08/2026,23:46:18,E4T9Z,2RB/4JAM-Warung,up-577-05.29.26-,1500
317,jun/09/2026,00:36:50,E2XXX,1RB/2JAM-Warung,up-846-05.29.26-,500
318,jun/09/2026,00:45:28,B4NGK,2RB/4JAM-ILHAM,up-905-05.12.26-,1000
319,jun/09/2026,02:34:48,E5JPK,5RB/12JAM-Warung,up-863-12.30.25-301225,4000
320,jun/09/2026,06:22:45,C27AE,2RB/4JAM-TEH-ENTI,up-805-06.05.26-,1500
321,jun/09/2026,06:29:38,C2GDM,2RB/4JAM-TEH-ENTI,up-805-06.05.26-,1500
322,jun/09/2026,09:32:52,E4PU8,2RB/4JAM-Warung,up-577-05.29.26-,1500
323,jun/09/2026,09:58:42,E5KC4,5RB/12JAM-Warung,up-863-12.30.25-301225,4000
324,jun/09/2026,10:06:46,E59ZE,5RB/12JAM-Warung,up-863-12.30.25-301225,4000
325,jun/09/2026,10:25:10,E2BLV,1RB/2JAM-Warung,up-846-05.29.26-,500
326,jun/09/2026,11:02:29,E4NEX,2RB/4JAM-Warung,up-577-05.29.26-,1500
327,jun/09/2026,11:58:22,E46V2,2RB/4JAM-Warung,up-577-05.29.26-,1500
328,jun/09/2026,12:55:03,B4ANJ,2RB/4JAM-ILHAM,up-905-05.12.26-,1000
329,jun/09/2026,12:59:04,B23A4,1RB/2JAM-ILHAM,up-858-05.12.26-,500
330,jun/09/2026,13:25:52,E28MS,1RB/2JAM-Warung,up-846-05.29.26-,500
331,jun/09/2026,13:56:45,E4YRW,2RB/4JAM-Warung,up-577-05.29.26-,1500
332,jun/09/2026,14:05:09,E2PMX,1RB/2JAM-Warung,up-846-05.29.26-,500
333,jun/09/2026,14:58:14,B22KD,1RB/2JAM-ILHAM,up-858-05.12.26-,500
334,jun/09/2026,15:35:40,E2WKN,1RB/2JAM-Warung,up-846-05.29.26-,500
335,jun/09/2026,16:40:18,E4MDY,2RB/4JAM-Warung,up-577-05.29.26-,1500
336,jun/09/2026,16:45:32,E2VN5,1RB/2JAM-Warung,up-846-05.29.26-,500
337,jun/09/2026,18:22:27,E2W2Z,1RB/2JAM-Warung,up-846-05.29.26-,500
338,jun/09/2026,18:37:22,E2Y9F,1RB/2JAM-Warung,up-846-05.29.26-,500
339,jun/09/2026,19:09:22,E4TU9,2RB/4JAM-Warung,up-577-05.29.26-,1500
340,jun/09/2026,19:25:08,E23MS,1RB/2JAM-Warung,up-846-05.29.26-,500
341,jun/09/2026,19:26:52,E2CP7,1RB/2JAM-Warung,up-846-05.29.26-,500
342,jun/09/2026,20:38:27,E4TT8,2RB/4JAM-Warung,up-577-05.29.26-,1500
343,jun/09/2026,21:04:05,E26ED,1RB/2JAM-Warung,up-846-05.29.26-,500
344,jun/09/2026,21:29:29,E4227,2RB/4JAM-Warung,up-577-05.29.26-,1500
345,jun/09/2026,22:18:35,E56YG,5RB/12JAM-Warung,up-863-12.30.25-301225,4000
346,jun/09/2026,22:28:48,E26JN,1RB/2JAM-Warung,up-846-05.29.26-,500
347,jun/09/2026,22:35:04,E46NU,2RB/4JAM-Warung,up-577-05.29.26-,1500
348,jun/09/2026,23:01:37,B2SJR,1RB/2JAM-ILHAM,up-858-05.12.26-,500
349,jun/09/2026,23:03:55,B43PL,2RB/4JAM-ILHAM,up-905-05.12.26-,1000
350,jun/09/2026,23:06:39,C1FKP,1RB/2JAM-TEH-ENTI,up-455-02.04.26-,500
351,jun/09/2026,23:52:37,E2GXB,1RB/2JAM-Warung,up-846-05.29.26-,500
352,jun/10/2026,00:32:52,E5CJB,5RB/12JAM-Warung,up-863-12.30.25-301225,4000
353,jun/10/2026,01:15:04,E4DCL,2RB/4JAM-Warung,up-577-05.29.26-,1500
354,jun/10/2026,05:36:56,B4592,2RB/4JAM-ILHAM,up-905-05.12.26-,1000
355,jun/10/2026,05:44:34,E2BKS,1RB/2JAM-Warung,up-846-05.29.26-,500
356,jun/10/2026,07:56:51,C22JV,2RB/4JAM-TEH-ENTI,up-805-06.05.26-,1500
357,jun/10/2026,08:37:44,E4ND5,2RB/4JAM-Warung,up-577-05.29.26-,1500
358,jun/10/2026,09:39:53,E2MPE,1RB/2JAM-Warung,up-846-05.29.26-,500
359,jun/10/2026,10:02:04,E5454,5RB/12JAM-Warung,up-863-12.30.25-301225,4000
360,jun/10/2026,10:24:39,E2W2N,1RB/2JAM-Warung,up-846-05.29.26-,500
361,jun/10/2026,10:36:57,E59G3,5RB/12JAM-Warung,up-863-12.30.25-301225,4000
362,jun/10/2026,11:16:25,E4ASA,2RB/4JAM-Warung,up-577-05.29.26-,1500
363,jun/10/2026,11:46:31,E5CPE,5RB/12JAM-Warung,up-863-12.30.25-301225,4000
364,jun/10/2026,12:01:23,E4XDF,2RB/4JAM-Warung,up-577-05.29.26-,1500
365,jun/10/2026,12:47:51,E2238,1RB/2JAM-Warung,up-846-05.29.26-,500
366,jun/10/2026,12:59:58,E2946,1RB/2JAM-Warung,up-846-05.29.26-,500
367,jun/10/2026,14:26:57,E5V9B,5RB/12JAM-Warung,up-863-12.30.25-301225,4000
368,jun/10/2026,15:15:42,E4XGT,2RB/4JAM-Warung,up-577-05.29.26-,1500
369,jun/10/2026,15:17:14,E2HUC,1RB/2JAM-Warung,up-846-05.29.26-,500
370,jun/10/2026,15:35:21,E25W9,1RB/2JAM-Warung,up-846-05.29.26-,500
371,jun/10/2026,15:36:53,E23AW,1RB/2JAM-Warung,up-846-05.29.26-,500
372,jun/10/2026,15:47:05,C2VAJ,2RB/4JAM-TEH-ENTI,up-805-06.05.26-,1500
373,jun/10/2026,15:50:38,E4PV5,2RB/4JAM-Warung,up-577-05.29.26-,1500
374,jun/10/2026,15:51:28,E45LT,2RB/4JAM-Warung,up-577-05.29.26-,1500
375,jun/10/2026,16:03:46,E24SH,1RB/2JAM-Warung,up-846-05.29.26-,500
376,jun/10/2026,17:27:08,E437K,2RB/4JAM-Warung,up-577-05.29.26-,1500
377,jun/10/2026,17:43:03,E4N9V,2RB/4JAM-Warung,up-577-05.29.26-,1500
378,jun/10/2026,18:04:55,E2C8S,1RB/2JAM-Warung,up-846-05.29.26-,500
379,jun/10/2026,18:42:17,E2Z9M,1RB/2JAM-Warung,up-846-05.29.26-,500
380,jun/10/2026,19:01:15,B5ZC7,5RB/12JAM-ILHAM,up-247-05.11.26-,3000
381,jun/10/2026,19:07:13,E4K6D,2RB/4JAM-Warung,up-577-05.29.26-,1500
382,jun/10/2026,19:22:03,E2CJH,1RB/2JAM-Warung,up-846-05.29.26-,500
383,jun/10/2026,20:36:20,E4SLK,2RB/4JAM-Warung,up-577-05.29.26-,1500
384,jun/10/2026,20:39:02,E4CHL,2RB/4JAM-Warung,up-577-05.29.26-,1500
385,jun/10/2026,21:04:45,E2UM2,1RB/2JAM-Warung,up-846-05.29.26-,500
386,jun/10/2026,21:10:48,E2LAM,1RB/2JAM-Warung,up-846-05.29.26-,500
387,jun/10/2026,21:13:47,B4X9V,2RB/4JAM-ILHAM,up-905-05.12.26-,1000
388,jun/10/2026,21:51:58,E2N2M,1RB/2JAM-Warung,up-846-05.29.26-,500
389,jun/10/2026,22:09:42,B4T7J,2RB/4JAM-ILHAM,up-905-05.12.26-,1000
390,jun/10/2026,22:21:33,C27ZN,2RB/4JAM-TEH-ENTI,up-805-06.05.26-,1500
391,jun/10/2026,22:32:26,E2S6M,1RB/2JAM-Warung,up-846-05.29.26-,500
392,jun/10/2026,22:57:26,B4TFJ,2RB/4JAM-ILHAM,up-905-05.12.26-,1000
393,jun/11/2026,00:07:21,E2KKK,1RB/2JAM-Warung,up-217-05.11.26-,500
394,jun/11/2026,00:58:17,E2WJX,1RB/2JAM-Warung,up-846-05.29.26-,500
395,jun/11/2026,02:12:12,E22H6,1RB/2JAM-Warung,up-846-05.29.26-,500
396,jun/11/2026,02:43:35,E29UF,1RB/2JAM-Warung,up-846-05.29.26-,500
397,jun/11/2026,05:50:13,C26LD,2RB/4JAM-TEH-ENTI,up-805-06.05.26-,1500
398,jun/11/2026,10:16:20,E24AS,1RB/2JAM-Warung,up-846-05.29.26-,500
399,jun/11/2026,11:46:53,E26Z7,1RB/2JAM-Warung,up-846-05.29.26-,500
400,jun/11/2026,11:54:52,E2HAG,1RB/2JAM-Warung,up-846-05.29.26-,500
401,jun/11/2026,12:19:59,E4CX5,2RB/4JAM-Warung,up-577-05.29.26-,1500
402,jun/11/2026,12:23:07,E2S9D,1RB/2JAM-Warung,up-846-05.29.26-,500
403,jun/11/2026,12:34:10,E2E6D,1RB/2JAM-Warung,up-846-05.29.26-,500
404,jun/11/2026,12:35:20,C2GTN,2RB/4JAM-TEH-ENTI,up-805-06.05.26-,1500
405,jun/11/2026,13:13:19,E5ZP6,5RB/12JAM-Warung,up-863-12.30.25-301225,4000
406,jun/11/2026,13:16:06,E5TUN,5RB/12JAM-Warung,up-863-12.30.25-301225,4000
407,jun/11/2026,13:53:22,E238S,1RB/2JAM-Warung,up-846-05.29.26-,500
408,jun/11/2026,14:58:11,E4UC4,2RB/4JAM-Warung,up-577-05.29.26-,1500
409,jun/11/2026,15:10:13,E43BU,2RB/4JAM-Warung,up-577-05.29.26-,1500
410,jun/11/2026,16:31:21,C1LFG,1RB/2JAM-TEH-ENTI,up-455-02.04.26-,500
411,jun/11/2026,16:57:35,B4CPW,2RB/4JAM-ILHAM,up-905-05.12.26-,1000
412,jun/11/2026,17:19:51,E4UPY,2RB/4JAM-Warung,up-577-05.29.26-,1500
413,jun/11/2026,18:26:45,E4ETW,2RB/4JAM-Warung,up-577-05.29.26-,1500
414,jun/11/2026,18:33:51,E4GDR,2RB/4JAM-Warung,up-577-05.29.26-,1500
415,jun/11/2026,18:43:03,E252J,1RB/2JAM-Warung,up-846-05.29.26-,500
416,jun/11/2026,18:55:25,E2EPG,1RB/2JAM-Warung,up-846-05.29.26-,500
417,jun/11/2026,19:17:30,E2D8C,1RB/2JAM-Warung,up-846-05.29.26-,500
418,jun/11/2026,19:18:55,E2DUX,1RB/2JAM-Warung,up-846-05.29.26-,500
419,jun/11/2026,20:10:46,E2TTC,1RB/2JAM-Warung,up-846-05.29.26-,500
420,jun/11/2026,20:20:38,E2SKG,1RB/2JAM-Warung,up-846-05.29.26-,500
421,jun/11/2026,20:27:02,E2JK8,1RB/2JAM-Warung,up-846-05.29.26-,500
422,jun/11/2026,20:33:49,E2FWC,1RB/2JAM-Warung,up-846-05.29.26-,500
423,jun/11/2026,20:51:49,E4WC9,2RB/4JAM-Warung,up-577-05.29.26-,1500
424,jun/11/2026,21:15:41,E4HXE,2RB/4JAM-Warung,up-577-05.29.26-,1500
425,jun/11/2026,22:07:54,E2SBX,1RB/2JAM-Warung,up-846-05.29.26-,500
426,jun/11/2026,22:28:09,B2JGD,1RB/2JAM-ILHAM,up-858-05.12.26-,500
427,jun/11/2026,22:36:26,E4RES,2RB/4JAM-Warung,up-577-05.29.26-,1500
428,jun/11/2026,22:49:37,B4R3T,2RB/4JAM-ILHAM,up-905-05.12.26-,1000
429,jun/11/2026,23:07:55,E2PZA,1RB/2JAM-Warung,up-846-05.29.26-,500
430,jun/11/2026,23:11:16,E2GA5,1RB/2JAM-Warung,up-846-05.29.26-,500
431,jun/11/2026,23:11:37,E272N,1RB/2JAM-Warung,up-846-05.29.26-,500
432,jun/11/2026,23:29:58,E47KM,2RB/4JAM-Warung,up-577-05.29.26-,1500
433,jun/12/2026,00:09:13,E5MVD,5RB/12JAM-Warung,up-863-12.30.25-301225,4000
434,jun/12/2026,00:28:08,B4N4W,2RB/4JAM-ILHAM,up-905-05.12.26-,1000
435,jun/12/2026,01:13:07,E2BNB,1RB/2JAM-Warung,up-846-05.29.26-,500
436,jun/12/2026,01:45:58,E2H6M,1RB/2JAM-Warung,up-846-05.29.26-,500
437,jun/12/2026,06:12:35,E29VY,1RB/2JAM-Warung,up-846-05.29.26-,500
438,jun/12/2026,06:31:48,C27NZ,2RB/4JAM-TEH-ENTI,up-805-06.05.26-,1500
439,jun/12/2026,09:23:06,C2YXG,2RB/4JAM-TEH-ENTI,up-805-06.05.26-,1500
440,jun/12/2026,09:31:12,D577N,5RB/12JAM-TEH-ENTI,up-363-05.05.26-,4000
441,jun/12/2026,10:15:28,E47NX,2RB/4JAM-Warung,up-577-05.29.26-,1500
442,jun/12/2026,10:59:55,E5PGX,5RB/12JAM-Warung,up-863-12.30.25-301225,4000
443,jun/12/2026,11:11:11,C2UC7,2RB/4JAM-TEH-ENTI,up-805-06.05.26-,1500
444,jun/12/2026,11:19:48,E4XZJ,2RB/4JAM-Warung,up-577-05.29.26-,1500
445,jun/12/2026,11:46:11,C256K,2RB/4JAM-TEH-ENTI,up-805-06.05.26-,1500
446,jun/12/2026,12:09:24,E2HHB,1RB/2JAM-Warung,up-846-05.29.26-,500
447,jun/12/2026,14:04:54,E28BT,1RB/2JAM-Warung,up-846-05.29.26-,500
448,jun/12/2026,15:31:41,E2HLN,1RB/2JAM-Warung,up-846-05.29.26-,500
449,jun/12/2026,16:28:11,E2XMF,1RB/2JAM-Warung,up-846-05.29.26-,500
450,jun/12/2026,17:28:15,E4B7K,2RB/4JAM-Warung,up-577-05.29.26-,1500
451,jun/12/2026,18:14:59,E28C6,1RB/2JAM-Warung,up-846-05.29.26-,500
452,jun/12/2026,18:34:46,E4JEH,2RB/4JAM-Warung,up-577-05.29.26-,1500
453,jun/12/2026,18:37:31,E2PTU,1RB/2JAM-Warung,up-846-05.29.26-,500
454,jun/12/2026,19:17:11,E2DFF,1RB/2JAM-Warung,up-846-05.29.26-,500
455,jun/12/2026,19:27:13,C1RJY,1RB/2JAM-TEH-ENTI,up-455-02.04.26-,500
456,jun/12/2026,19:27:37,C2L7C,2RB/4JAM-TEH-ENTI,up-805-06.05.26-,1500
457,jun/12/2026,19:28:14,C1SCJ,1RB/2JAM-TEH-ENTI,up-455-02.04.26-,500
458,jun/12/2026,19:58:57,E4JJZ,2RB/4JAM-Warung,up-577-05.29.26-,1500
459,jun/12/2026,20:26:06,B53MG,5RB/12JAM-ILHAM,up-247-05.11.26-,3000
460,jun/12/2026,20:44:51,E252U,1RB/2JAM-Warung,up-846-05.29.26-,500
461,jun/12/2026,20:55:39,E5RD9,5RB/12JAM-Warung,up-863-12.30.25-301225,4000
462,jun/12/2026,21:15:12,B5NRB,5RB/12JAM-ILHAM,up-247-05.11.26-,3000
463,jun/12/2026,21:27:14,B448X,2RB/4JAM-ILHAM,up-905-05.12.26-,1000
464,jun/12/2026,21:31:52,E4M73,2RB/4JAM-Warung,up-577-05.29.26-,1500
465,jun/12/2026,21:36:57,C1UWD,1RB/2JAM-TEH-ENTI,up-455-02.04.26-,500
466,jun/12/2026,21:37:09,C1GAE,1RB/2JAM-TEH-ENTI,up-455-02.04.26-,500
467,jun/12/2026,21:37:53,E5BET,5RB/12JAM-Warung,up-863-12.30.25-301225,4000
468,jun/12/2026,22:01:04,E49DH,2RB/4JAM-Warung,up-577-05.29.26-,1500
469,jun/12/2026,22:05:09,E46UL,2RB/4JAM-Warung,up-577-05.29.26-,1500
470,jun/12/2026,22:17:03,C25TE,2RB/4JAM-TEH-ENTI,up-805-06.05.26-,1500
471,jun/12/2026,22:51:53,E47JU,2RB/4JAM-Warung,up-577-05.29.26-,1500
472,jun/12/2026,23:03:26,E4SMN,2RB/4JAM-Warung,up-577-05.29.26-,1500
473,jun/12/2026,23:14:32,E266Y,1RB/2JAM-Warung,up-846-05.29.26-,500
474,jun/12/2026,23:14:40,E4UMJ,2RB/4JAM-Warung,up-577-05.29.26-,1500
475,jun/13/2026,00:12:02,E4UWK,2RB/4JAM-Warung,up-577-05.29.26-,1500
476,jun/13/2026,01:46:08,E5AR9,5RB/12JAM-Warung,up-863-12.30.25-301225,4000
477,jun/13/2026,02:53:28,E5CWE,5RB/12JAM-Warung,up-863-12.30.25-301225,4000
478,jun/13/2026,05:52:41,E4ZWS,2RB/4JAM-Warung,up-577-05.29.26-,1500
479,jun/13/2026,07:12:36,C1MSS,1RB/2JAM-TEH-ENTI,up-455-02.04.26-,500
480,jun/13/2026,07:47:45,C295T,2RB/4JAM-TEH-ENTI,up-805-06.05.26-,1500
481,jun/13/2026,09:55:53,E232S,1RB/2JAM-Warung,up-846-05.29.26-,500
482,jun/13/2026,09:57:17,E4LVH,2RB/4JAM-Warung,up-577-05.29.26-,1500
483,jun/13/2026,10:10:18,C27AL,2RB/4JAM-TEH-ENTI,up-805-06.05.26-,1500
484,jun/13/2026,10:42:41,E4ZG9,2RB/4JAM-Warung,up-577-05.29.26-,1500
485,jun/13/2026,10:58:45,B49D2,2RB/4JAM-ILHAM,up-905-05.12.26-,1000
486,jun/13/2026,11:18:08,D579W,5RB/12JAM-TEH-ENTI,up-363-05.05.26-,4000
487,jun/13/2026,11:56:04,E4G4U,2RB/4JAM-Warung,up-577-05.29.26-,1500
488,jun/13/2026,12:18:43,E4GRF,2RB/4JAM-Warung,up-577-05.29.26-,1500
489,jun/13/2026,12:42:55,E4EA6,2RB/4JAM-Warung,up-577-05.29.26-,1500
490,jun/13/2026,13:03:28,E2MK5,1RB/2JAM-Warung,up-846-05.29.26-,500
491,jun/13/2026,15:14:51,E4ASD,2RB/4JAM-Warung,up-577-05.29.26-,1500
492,jun/13/2026,15:23:10,E4KZH,2RB/4JAM-Warung,up-577-05.29.26-,1500
493,jun/13/2026,15:24:17,E4VD4,2RB/4JAM-Warung,up-577-05.29.26-,1500
494,jun/13/2026,15:34:23,E4JBA,2RB/4JAM-Warung,up-577-05.29.26-,1500
495,jun/13/2026,16:06:13,E2LRR,1RB/2JAM-Warung,up-846-05.29.26-,500
496,jun/13/2026,16:24:59,B46P6,2RB/4JAM-ILHAM,up-905-05.12.26-,1000
497,jun/13/2026,16:30:13,C2ABS,2RB/4JAM-TEH-ENTI,up-805-06.05.26-,1500
498,jun/13/2026,16:30:54,E28L9,1RB/2JAM-Warung,up-846-05.29.26-,500
499,jun/13/2026,16:53:40,E4N5D,2RB/4JAM-Warung,up-577-05.29.26-,1500
500,jun/13/2026,16:55:01,E4M52,2RB/4JAM-Warung,up-577-05.29.26-,1500
501,jun/13/2026,17:45:50,E4KMB,2RB/4JAM-Warung,up-577-05.29.26-,1500
502,jun/13/2026,18:16:43,E4D72,2RB/4JAM-Warung,up-577-05.29.26-,1500
503,jun/13/2026,18:23:18,E2T78,1RB/2JAM-Warung,up-846-05.29.26-,500
504,jun/13/2026,19:25:23,E42NM,2RB/4JAM-Warung,up-577-05.29.26-,1500
505,jun/13/2026,19:43:54,E2J7T,1RB/2JAM-Warung,up-846-05.29.26-,500
506,jun/13/2026,20:15:23,E4UXD,2RB/4JAM-Warung,up-577-05.29.26-,1500
507,jun/13/2026,20:16:27,E4RYF,2RB/4JAM-Warung,up-577-05.29.26-,1500
508,jun/13/2026,21:27:19,E4J9J,2RB/4JAM-Warung,up-577-05.29.26-,1500
509,jun/13/2026,22:13:07,E484T,2RB/4JAM-Warung,up-577-05.29.26-,1500
510,jun/13/2026,22:18:26,E42KS,2RB/4JAM-Warung,up-577-05.29.26-,1500
511,jun/13/2026,23:23:18,E2Y2C,1RB/2JAM-Warung,up-846-05.29.26-,500
512,jun/14/2026,00:26:07,E4VN9,2RB/4JAM-Warung,up-577-05.29.26-,1500
513,jun/14/2026,01:21:35,E443V,2RB/4JAM-Warung,up-577-05.29.26-,1500
514,jun/14/2026,01:23:45,E4H4W,2RB/4JAM-Warung,up-577-05.29.26-,1500
515,jun/14/2026,01:24:42,E22A5,1RB/2JAM-Warung,up-846-05.29.26-,500
516,jun/14/2026,03:36:57,E2C73,1RB/2JAM-Warung,up-846-05.29.26-,500
517,jun/14/2026,06:44:15,E56B6,5RB/12JAM-Warung,up-863-12.30.25-301225,4000
518,jun/14/2026,07:39:31,E2LG5,1RB/2JAM-Warung,up-846-05.29.26-,500
519,jun/14/2026,09:30:33,E4RZS,2RB/4JAM-Warung,up-577-05.29.26-,1500
520,jun/14/2026,09:52:06,E2YPN,1RB/2JAM-Warung,up-846-05.29.26-,500
521,jun/14/2026,09:58:10,C22ZD,2RB/4JAM-TEH-ENTI,up-805-06.05.26-,1500
522,jun/14/2026,10:24:38,C2G9D,2RB/4JAM-TEH-ENTI,up-805-06.05.26-,1500
523,jun/14/2026,10:44:27,C25YT,2RB/4JAM-TEH-ENTI,up-805-06.05.26-,1500
524,jun/14/2026,12:26:06,E4LMH,2RB/4JAM-Warung,up-577-05.29.26-,1500
525,jun/14/2026,12:31:35,E4AP9,2RB/4JAM-Warung,up-577-05.29.26-,1500
526,jun/14/2026,12:38:21,E2DTJ,1RB/2JAM-Warung,up-846-05.29.26-,500
527,jun/14/2026,13:24:31,E25NJ,1RB/2JAM-Warung,up-846-05.29.26-,500
528,jun/14/2026,13:25:16,E4ZKS,2RB/4JAM-Warung,up-577-05.29.26-,1500
529,jun/14/2026,13:39:52,E4WUW,2RB/4JAM-Warung,up-577-05.29.26-,1500
530,jun/14/2026,14:22:30,E4L62,2RB/4JAM-Warung,up-577-05.29.26-,1500
531,jun/14/2026,14:35:43,E4FMB,2RB/4JAM-Warung,up-577-05.29.26-,1500